;slug_game;country_name;country_3_letter_code;game_year;Qtd_Medalhas_Pais;Qtd_Medalhas_Ouro;Qtd_Medalhas_Prata;Qtd_Medalhas_Bronze;Qtd_Esportes_Distintos;Qtd_Times;Health_Expenditure;Health_Media_Gpd;Culture_Expenditure;Culture_Media_Gpd;Education_Expenditure;Education_Media_Gpd;Predicao_Qtd_Medalhas_Pais
0;paris-2024;United States of America;USA;2024;126;40;44;42;44;264;662270343.48;10.24494;17257943.28;0.26697;361843951.56;5.59752;88.0
1;paris-2024;China;CHN;2024;91;40;27;24;42;232;117362149.404;2.8951;17024666.976;0.41997;146564902.104;3.61548;54.0
2;paris-2024;Japan;JPN;2024;45;20;12;13;41;193;127046785.164;9.31645;6217110.864;0.45591;47788491.684;3.50437;23.0
3;paris-2024;Australia;AUS;2024;53;18;19;16;42;220;39365358.36;8.22286;4415048.628;0.92224;27732186.888;5.79286;27.0
4;paris-2024;France;FRA;2024;64;16;26;22;45;259;75237697.15200001;9.18937;11497740.204;1.40431;42784050.576000005;5.22555;34.0
5;paris-2024;Netherlands;NED;2024;34;15;7;12;32;137;;;;;;;
6;paris-2024;Great Britain;GBR;2024;65;14;22;29;32;188;;;;;;;
7;paris-2024;Republic of Korea;KOR;2024;32;13;9;10;23;102;;;;;;;
8;paris-2024;Italy;ITA;2024;40;12;13;15;37;213;44226899.088;7.602699999999999;4824957.48;0.82942;23941231.944;4.11555;29.0
9;paris-2024;Germany;GER;2024;33;12;13;8;40;216;101612446.488;8.64241;13032643.824;1.10846;53272449.672;4.53096;28.0
10;paris-2024;New Zealand;NZL;2024;20;10;7;3;26;104;5044752.564;7.29806;643625.652;0.93111;3786451.728;5.47772;8.0
11;paris-2024;Canada;CAN;2024;27;9;7;11;40;181;50353813.704;9.17558;4325745.24;0.78825;25377763.92;4.62439;20.0
12;paris-2024;Uzbekistan;UZB;2024;13;8;2;3;16;63;533076.888;3.22474;84996.132;0.51417;1010757.264;6.11438;3.0
13;paris-2024;Hungary;HUN;2024;19;6;7;6;23;109;2828208.432;5.635;1506398.892;3.00139;2516267.988;5.01348;15.0
14;paris-2024;Spain;ESP;2024;18;5;4;9;38;161;28930419.36;7.34355;4655634.791999999;1.18176;18161937.948000003;4.61013;16.0
15;paris-2024;Sweden;SWE;2024;11;4;4;3;21;82;13158531.012;7.500169999999999;2423851.044;1.38156;11719538.496;6.67996;7.0
16;paris-2024;Kenya;KEN;2024;11;4;2;5;6;24;544093.152;1.9583;57594.024000000005;0.20729;1285886.208;4.62816;2.0
17;paris-2024;Norway;NOR;2024;8;4;1;3;21;60;11623134.455999998;8.73393;2289578.976;1.72045;6709499.004;5.04169;3.0
18;paris-2024;Ireland;IRL;2024;7;4;0;3;17;75;7323736.176000001;5.26303;637912.176;0.45842;4153170.996;2.98458;10.0
19;paris-2024;Brazil;BRA;2024;20;3;7;10;37;162;25101851.412;6.27854;808161.948;0.20214;19756524.36;4.94155;18.0
20;paris-2024;Islamic Republic of Iran;IRI;2024;12;3;6;3;14;37;;;;;;;
21;paris-2024;Ukraine;UKR;2024;12;3;5;4;25;97;2071250.004;3.75066;438569.52;0.79417;3165167.724;5.73155;7.0
22;paris-2024;Romania;ROU;2024;9;3;4;2;18;55;4310283.444;5.49726;724135.6799999999;0.92355;2550647.928;3.25305;5.0
23;paris-2024;Georgia;GEO;2024;7;3;3;1;9;30;224265.732;4.34606;62164.308000000005;1.20468;213719.496;4.14168;4.0
24;paris-2024;Belgium;BEL;2024;10;3;1;6;24;88;14133321.888;8.61931;1962535.26;1.19687;10301677.644;6.28255;6.0
25;paris-2024;Bulgaria;BUL;2024;7;3;1;3;16;43;1352727.612;5.83075;207263.58;0.89338;995292.156;4.29007;2.0
26;paris-2024;Serbia;SRB;2024;5;3;1;1;16;50;675029.208;4.94361;126393.096;0.92565;460003.128;3.36886;5.0
27;paris-2024;Czechia;CZE;2024;5;3;0;2;26;96;7645159.152;9.83039;1046316.828;1.34539;3929958.756;5.05326;8.0
28;paris-2024;Denmark;DEN;2024;9;2;2;5;23;62;10158171.444;9.24044;1776342.072;1.61586;6639596.76;6.03975;1.0
29;paris-2024;Azerbaijan;AZE;2024;7;2;2;3;15;42;225508.284;1.49584;63139.14;0.41881;520714.572;3.45399;2.0
30;paris-2024;Croatia;CRO;2024;7;2;2;3;16;43;208440.168;1.09523;40682.952;0.21377;131443.344;0.69066;5.0
31;paris-2024;Cuba;CUB;2024;9;2;1;6;16;53;;;;;;;
32;paris-2024;Bahrain;BRN;2024;4;2;1;1;5;13;;;;;;;
33;paris-2024;Slovenia;SLO;2024;3;2;1;0;16;49;1387325.04;8.14033;244229.916;1.43305;966245.088;5.66958;3.0
34;paris-2024;Chinese Taipei;TPE;2024;7;2;0;5;17;49;;;;;;;
35;paris-2024;Austria;AUT;2024;5;2;0;3;24;75;13360777.74;10.07739;1592940.624;1.20148;6561621.516000001;4.94912;4.0
36;paris-2024;Hong Kong, China;HKG;2024;4;2;0;2;12;32;;;;;;;
37;paris-2024;Philippines;PHI;2024;4;2;0;2;9;20;1241743.872;1.14165;25776.192;0.0237;4197049.751999999;3.85872;1.0
38;paris-2024;Algeria;ALG;2024;3;2;0;1;15;43;;;;;;;
39;paris-2024;Indonesia;INA;2024;2;2;0;0;11;23;7688667.791999999;2.34868;408002.52;0.12463;9976601.256;3.04758;3.0
40;paris-2024;Israel;ISR;2024;7;1;5;1;20;63;7795358.352;5.86473;1692584.352;1.27339;9999090.84;7.52268;2.0
41;paris-2024;Poland;POL;2024;10;1;4;5;28;137;10821461.82;5.77065;2198783.256;1.17252;9260179.776;4.93808;16.0
42;paris-2024;Kazakhstan;KAZ;2024;7;1;3;3;23;81;1342272.1800000002;2.84267;334895.916;0.70924;2273231.22;4.81426;5.0
43;paris-2024;Jamaica;JAM;2024;6;1;3;2;4;31;;;;;;;
44;paris-2024;South Africa;RSA;2024;6;1;3;2;23;68;5966503.14;5.15918;867663.408;0.75026;8585095.92;7.423449999999999;0.0
45;paris-2024;Thailand;THA;2024;6;1;3;2;18;46;2500512.804;1.79054;508475.628;0.3641;4391768.028;3.14482;2.0
46;paris-2024;AIN;AIN;2024;5;1;3;1;10;30;;;;;;;
47;paris-2024;Ethiopia;ETH;2024;4;1;3;0;2;13;;;;;;;
48;paris-2024;Switzerland;SUI;2024;8;1;2;5;22;87;;;;;;;
49;paris-2024;Ecuador;ECU;2024;5;1;2;2;14;33;;;;;;;
50;paris-2024;Portugal;POR;2024;4;1;2;1;19;62;5335624.548;7.621120000000001;679157.3400000001;0.97007;3249771.66;4.6418;4.0
51;paris-2024;Greece;GRE;2024;8;1;1;6;17;55;3953143.86;6.66576;652546.2479999999;1.10032;2420851.752;4.08202;5.0
52;paris-2024;Argentina;ARG;2024;3;1;1;1;25;48;;;;;;;
53;paris-2024;Egypt;EGY;2024;3;1;1;1;25;83;1436382.66;1.63788;1149106.128;1.31031;3447318.384;3.93092;6.0
54;paris-2024;Tunisia;TUN;2024;3;1;1;1;15;29;;;;;;;
55;paris-2024;Botswana;BOT;2024;2;1;1;0;2;9;;;;;;;
56;paris-2024;Chile;CHI;2024;2;1;1;0;22;38;5035470.683999999;5.75429;240656.544;0.27501;3529628.484;4.03349;-2.0
57;paris-2024;Saint Lucia;LCA;2024;2;1;1;0;3;5;;;;;;;
58;paris-2024;Uganda;UGA;2024;2;1;1;0;4;16;;;;;;;
59;paris-2024;Dominican Republic;DOM;2024;3;1;0;2;12;25;;;;;;;
60;paris-2024;Guatemala;GUA;2024;2;1;0;1;7;14;582477.8520000001;2.45439;64153.716;0.27032;780530.208;3.28892;1.0
61;paris-2024;Morocco;MAR;2024;2;1;0;1;21;38;;;;;;;
62;paris-2024;Dominica;DMA;2024;1;1;0;0;2;4;;;;;;;
63;paris-2024;Pakistan;PAK;2024;1;1;0;0;3;9;;;;;;;
64;paris-2024;Türkiye;TUR;2024;8;0;3;5;19;83;11802588.552;5.22115;1360471.62;0.60184;6431876.124000001;2.84529;11.0
65;paris-2024;Mexico;MEX;2024;5;0;3;2;29;84;;;;;;;
66;paris-2024;Armenia;ARM;2024;4;0;3;1;7;15;87641.59199999999;2.29083;22580.388;0.59022;108414.18;2.8338;2.0
67;paris-2024;Colombia;COL;2024;4;0;3;1;24;60;5338870.032;6.15133;536430.564;0.61806;3448092.564;3.97282;1.0
68;paris-2024;Democratic People's Republic of Korea;PRK;2024;6;0;2;4;7;13;;;;;;;
69;paris-2024;Kyrgyzstan;KGZ;2024;6;0;2;4;5;17;88468.212;3.66718;15889.32;0.65864;157561.77599999998;6.53125;0.0
70;paris-2024;Lithuania;LTU;2024;4;0;2;2;13;39;1078624.008;5.88162;218888.7;1.19358;875508.708;4.77406;3.0
71;paris-2024;India;IND;2024;6;0;1;5;16;69;11755947.864;1.59397;1282811.5680000002;0.17393;36184012.62;4.90612;15.0
72;paris-2024;Republic of Moldova;MDA;2024;4;0;1;3;10;27;;;;;;;
73;paris-2024;Kosovo;KOS;2024;2;0;1;1;4;9;;;;;;;
74;paris-2024;Cyprus;CYP;2024;1;0;1;0;9;16;503103.564;6.41661;55722.744;0.71069;429916.644;5.48318;-1.0
75;paris-2024;Fiji;FIJ;2024;1;0;1;0;7;11;22795.668;2.68479;1680.288;0.1979;54579.276;6.42817;-3.0
76;paris-2024;Jordan;JOR;2024;1;0;1;0;5;11;;;;;;;
77;paris-2024;Mongolia;MGL;2024;1;0;1;0;9;37;237015.0;5.68783;22801.188;0.54718;137274.672;3.29428;6.0
78;paris-2024;Panama;PAN;2024;1;0;1;0;5;7;760948.5599999999;4.43238;58986.72;0.34359;796687.8;4.64055;0.0
79;paris-2024;Tajikistan;TJK;2024;3;0;0;3;6;14;;;;;;;
80;paris-2024;Albania;ALB;2024;2;0;0;2;4;9;169486.08000000002;3.36297;20111.016;0.39905;155713.956;3.0897;2.0
81;paris-2024;Grenada;GRN;2024;2;0;0;2;2;6;;;;;;;
82;paris-2024;Malaysia;MAS;2024;2;0;0;2;11;23;2079805.176;2.23601;;;4152651.84;4.46454;
83;paris-2024;Puerto Rico;PUR;2024;2;0;0;2;13;30;;;;;;;
84;paris-2024;Cabo Verde;CPV;2024;1;0;0;1;5;7;;;;;;;
85;paris-2024;Côte d'Ivoire;CIV;2024;1;0;0;1;4;11;;;;;;;
86;paris-2024;Refugee Olympic Team;EOR;2024;1;0;0;1;13;39;;;;;;;
87;paris-2024;Peru;PER;2024;1;0;0;1;10;21;1906934.508;3.42543;126950.34;0.22804;2282454.0360000003;4.09998;0.0
88;paris-2024;Qatar;QAT;2024;1;0;0;1;5;10;;;;;;;
89;paris-2024;Singapore;SGP;2024;1;0;0;1;11;25;3682890.732;3.36123;543395.148;0.4959399999999999;2783528.724;2.54042;3.0
90;paris-2024;Slovakia;SVK;2024;1;0;0;1;13;31;2257561.872;7.01946;335400.168;1.04286;1393870.104;4.33397;1.0
91;paris-2024;Zambia;ZAM;2024;1;0;0;1;5;8;;;;;;;
92;athens-2004;Argentina;ARG;2004;6;2;0;4;22;80;;;;;;;
93;athens-2004;Australia;AUS;2004;50;17;16;17;36;270;6226633.874;6.062443333333333;971555.25;0.9445066666666666;5797655.578;5.654796666666667;
94;athens-2004;Austria;AUT;2004;7;2;4;1;21;69;3626783.512;7.27265;686135.252;1.3806633333333336;2597898.168;5.216793333333333;
95;athens-2004;Azerbaijan;AZE;2004;5;1;0;4;9;32;;;;;;;
96;athens-2004;Bahamas;BAH;2004;2;1;0;1;3;14;;;;;;;
97;athens-2004;Belarus;BLR;2004;13;2;5;6;23;120;64183.382;4.70656;18989.732;1.39251;86076.134;6.31194;
98;athens-2004;Belgium;BEL;2004;3;1;0;2;17;45;3932670.356;6.52006;701639.88;1.15431;3488111.804;5.800859999999999;
99;athens-2004;Brazil;BRA;2004;10;5;2;3;27;121;4825355.074;3.9960866666666655;196295.73;0.1654833333333333;5354821.67;4.425163333333333;
100;athens-2004;Bulgaria;BUL;2004;12;2;1;9;20;76;186241.276;4.766686666666667;28518.786;0.7317533333333334;148416.176;3.839126666666667;
101;athens-2004;Cameroon;CMR;2004;1;1;0;0;4;8;;;;;;;
102;athens-2004;Canada;CAN;2004;12;3;6;3;33;176;;;;;;;
103;athens-2004;Chile;CHI;2004;3;2;0;1;11;22;;;;;;;
104;athens-2004;Chinese Taipei;TPE;2004;5;2;2;1;13;57;;;;;;;
105;athens-2004;Colombia;COL;2004;2;0;0;2;15;51;;;;;;;
106;athens-2004;Croatia;CRO;2004;5;1;2;2;14;50;51704.466;0.8216866666666667;11517.434;0.1835833333333333;49843.44;0.7882866666666667;
107;athens-2004;Cuba;CUB;2004;27;9;7;11;18;93;;;;;;;
108;athens-2004;Czech Republic;CZE;2004;9;1;3;5;20;105;;;;;;;
109;athens-2004;Democratic People's Republic of Korea;PRK;2004;5;0;4;1;9;34;;;;;;;
110;athens-2004;Denmark;DEN;2004;8;2;1;5;16;67;2933809.476;7.050936666666666;665089.208;1.6006366666666667;2708860.428;6.512383333333333;
111;athens-2004;Dominican Republic;DOM;2004;1;1;0;0;8;13;;;;;;;
112;athens-2004;Egypt;EGY;2004;5;1;1;3;15;48;211268.594;1.7758599999999998;159858.204;1.344495;575376.64;4.835929999999999;
113;athens-2004;Eritrea;ERI;2004;1;0;0;1;1;3;;;;;;;
114;athens-2004;Estonia;EST;2004;3;0;1;2;11;31;75329.262;4.338353333333334;37674.14;2.1571866666666666;110962.63;6.3912033333333325;
115;athens-2004;Ethiopia;ETH;2004;7;2;3;2;2;21;;;;;;;
116;athens-2004;Finland;FIN;2004;2;0;2;0;11;46;2019357.732;6.169490000000001;355173.656;1.0877933333333334;1998574.388;6.11339;
117;athens-2004;France;FRA;2004;33;11;9;13;32;229;25541534.676;7.286773333333333;4467754.81;1.271453333333333;20015073.558;5.724373333333333;
118;athens-2004;Georgia;GEO;2004;4;2;2;0;8;26;5540.158;0.69318;5458.388;0.66769;16607.598;2.0228366666666666;
119;athens-2004;Germany;GER;2004;49;13;16;20;33;296;32306771.482;6.696226666666667;5794522.344;1.2039966666666666;20095878.82;4.17127;
120;athens-2004;Great Britain;GBR;2004;30;9;9;12;28;181;;;;;;;
121;athens-2004;Greece;GRE;2004;16;6;6;4;35;204;2212033.678;6.093406666666667;233862.126;0.6440166666666667;1458641.676;3.968693333333333;
122;athens-2004;Hong Kong, China;HKG;2004;1;0;1;0;10;34;;;;;;;
123;athens-2004;Hungary;HUN;2004;17;8;6;3;20;147;836843.134;5.40911;256206.5;1.6600700000000002;900217.326;5.806100000000001;
124;athens-2004;India;IND;2004;1;0;1;0;13;46;;;;;;;
125;athens-2004;Indonesia;INA;2004;4;1;1;2;11;28;0.0;;0.0;;0.0;;
126;athens-2004;Islamic Republic of Iran;IRI;2004;6;2;2;2;10;31;;;;;;;
127;athens-2004;Israel;ISR;2004;2;1;0;1;13;29;1483747.73;5.290566666666667;405345.952;1.4450433333333337;2069646.43;7.380199999999999;
128;athens-2004;Italy;ITA;2004;32;10;11;11;33;209;18502050.17;6.226883333333333;2147384.096;0.7235100000000001;13317429.462;4.47858;
129;athens-2004;Jamaica;JAM;2004;5;2;1;2;4;26;;;;;;;
130;athens-2004;Japan;JPN;2004;37;16;9;12;32;196;;;;;;;
131;athens-2004;Kazakhstan;KAZ;2004;8;1;4;3;17;78;110182.374;1.9157633333333333;36853.998;0.6310933333333334;185954.23;3.2392933333333334;
132;athens-2004;Kenya;KEN;2004;7;1;4;2;4;25;;;;;;;
133;athens-2004;Latvia;LAT;2004;4;0;4;0;10;28;62680.812;2.832513333333333;22963.606;1.0391266666666663;103535.546;4.687576666666667;
134;athens-2004;Lithuania;LTU;2004;3;1;2;0;12;43;175327.904;5.275849999999999;28890.118;0.8650466666666666;199938.972;6.00548;
135;athens-2004;Mexico;MEX;2004;4;0;3;1;19;71;;;;;;;
136;athens-2004;Mongolia;MGL;2004;1;0;0;1;7;14;11194.202;3.084906666666667;3358.712;0.9221533333333334;21011.486;5.774563333333334;
137;athens-2004;Morocco;MAR;2004;3;2;1;0;8;32;;;;;;;
138;athens-2004;Netherlands;NED;2004;22;4;9;9;24;115;;;;;;;
139;athens-2004;New Zealand;NZL;2004;5;3;2;0;21;91;;;;;;;
140;athens-2004;Nigeria;NGR;2004;2;0;0;2;9;28;;;;;;;
141;athens-2004;Norway;NOR;2004;4;4;0;0;12;36;3437905.32;7.720003333333333;603213.96;1.35797;2574505.362;5.783589999999999;
142;athens-2004;Paraguay;PAR;2004;1;0;1;0;3;4;7859.983999999999;1.24554;14.874;0.00236;15666.096;2.48255;
143;athens-2004;People's Republic of China;CHN;2004;63;32;17;14;34;256;;;;;;;
144;athens-2004;Poland;POL;2004;10;3;2;5;24;130;1950822.484;4.336513333333333;441248.088;0.9805066666666667;2737361.75;6.084843333333333;
145;athens-2004;Portugal;POR;2004;3;0;2;1;16;49;2099763.468;6.715726666666667;409239.758;1.3227166666666668;2020991.948;6.491593333333333;
146;athens-2004;Republic of Korea;KOR;2004;30;9;12;9;26;168;;;;;;;
147;athens-2004;Romania;ROU;2004;19;8;5;6;16;97;412892.324;3.90661;70456.288;0.6503866666666667;406945.092;3.82783;
148;athens-2004;Russian Federation;RUS;2004;90;28;26;36;32;316;1575522.752;1.96152;568350.858;0.6963366666666666;2814915.452;3.4576366666666667;
149;athens-2004;Serbia and Montenegro;SCG;2004;2;0;2;0;12;34;;;;;;;
150;athens-2004;Slovakia;SVK;2004;6;2;2;2;15;52;473244.652;8.026226666666666;86984.336;1.467836666666667;324076.562;5.37736;
151;athens-2004;Slovenia;SLO;2004;4;0;1;3;10;55;346974.16;6.312506666666666;66488.038;1.2086266666666663;330961.522;6.023663333333333;
152;athens-2004;South Africa;RSA;2004;6;1;3;2;16;52;1056912.548;3.1056866666666667;138437.572;0.4091033333333334;1798004.566;5.227523333333333;
153;athens-2004;Spain;ESP;2004;20;3;11;6;30;170;8504260.338;5.12666;2194840.296;1.3214199999999998;6674363.696;4.02825;
154;athens-2004;Sweden;SWE;2004;7;4;2;1;21;93;4033523.18;6.4367133333333335;787165.454;1.26437;4231060.038;6.777163333333333;
155;athens-2004;Switzerland;SUI;2004;5;1;1;3;21;88;;;;;;;
156;athens-2004;Syrian Arab Republic;SYR;2004;1;0;0;1;3;3;;;;;;;
157;athens-2004;Thailand;THA;2004;8;3;1;4;13;45;;;;;;;
158;athens-2004;Trinidad and Tobago;TTO;2004;1;0;0;1;4;13;;;;;;;
159;athens-2004;Turkey;TUR;2004;10;3;3;4;10;62;;;;;;;
160;athens-2004;Ukraine;UKR;2004;22;8;5;9;25;190;351273.412;3.4682;69988.75600000001;0.6941666666666666;499975.08;4.95456;
161;athens-2004;United Arab Emirates;UAE;2004;1;1;0;0;2;4;;;;;;;
162;athens-2004;United States of America;USA;2004;101;36;39;26;33;359;168910908.89999998;6.870853333333333;7875206.54;0.3207699999999999;154413358.74;6.287450000000001;
163;athens-2004;Uzbekistan;UZB;2004;5;2;1;2;10;48;;;;;;;
164;athens-2004;Venezuela;VEN;2004;2;0;0;2;16;41;;;;;;;
165;athens-2004;Zimbabwe;ZIM;2004;3;1;1;1;4;8;;;;;;;
166;beijing-2008;Afghanistan;AFG;2008;1;0;0;1;1;2;26049.453;1.75637;5401.047;0.367195;59309.64;4.1813400000000005;
167;beijing-2008;Algeria;ALG;2008;2;0;1;1;12;42;;;;;;;
168;beijing-2008;Argentina;ARG;2008;6;2;0;4;21;63;;;;;;;
169;beijing-2008;Armenia;ARM;2008;5;0;1;4;6;24;;;;;;;
170;beijing-2008;Australia;AUS;2008;46;14;15;17;36;270;14164908.654;6.335286666666667;2087496.879;0.9344033333333334;12101493.897;5.423863333333333;
171;beijing-2008;Austria;AUT;2008;3;0;1;2;18;72;6680730.0;7.38087;1237747.521;1.36366;4310205.504;4.765359999999999;
172;beijing-2008;Azerbaijan;AZE;2008;6;1;1;4;9;36;;;;;;;
173;beijing-2008;Bahamas;BAH;2008;2;0;1;1;4;15;;;;;;;
174;beijing-2008;Belarus;BLR;2008;14;3;4;7;26;134;491391.051;4.856723333333334;173704.722;1.6991366666666667;660062.91;6.552233333333334;
175;beijing-2008;Belgium;BEL;2008;2;2;0;0;18;46;7431626.391;6.759483333333333;1385019.468;1.262;6169245.255;5.61698;
176;beijing-2008;Brazil;BRA;2008;17;3;4;10;31;145;13145783.433;4.42626;779198.622;0.2572766666666666;12709752.135;4.266889999999999;
177;beijing-2008;Bulgaria;BUL;2008;5;1;1;3;16;45;397284.195;4.2486500000000005;66503.061;0.7040733333333333;354449.31;3.781993333333333;
178;beijing-2008;Cameroon;CMR;2008;1;1;0;0;9;13;;;;;;;
179;beijing-2008;Canada;CAN;2008;20;3;9;8;34;203;;;;;;;
180;beijing-2008;Chile;CHI;2008;1;0;1;0;17;23;;;;;;;
181;beijing-2008;Chinese Taipei;TPE;2008;4;1;1;2;15;46;;;;;;;
182;beijing-2008;Colombia;COL;2008;3;0;2;1;17;62;;;;;;;
183;beijing-2008;Croatia;CRO;2008;5;0;2;3;16;61;114137.301;0.8344033333333333;29850.57;0.2167966666666666;92879.286;0.68033;
184;beijing-2008;Cuba;CUB;2008;30;3;10;17;19;91;;;;;;;
185;beijing-2008;Czech Republic;CZE;2008;7;3;3;1;24;101;;;;;;;
186;beijing-2008;Democratic People's Republic of Korea;PRK;2008;6;2;2;2;12;48;;;;;;;
187;beijing-2008;Denmark;DEN;2008;7;2;2;3;16;62;5607579.954;7.42221;1211610.894;1.60151;4641907.272;6.169613333333333;
188;beijing-2008;Dominican Republic;DOM;2008;2;1;1;0;8;18;;;;;;;
189;beijing-2008;Ecuador;ECU;2008;1;0;1;0;8;22;;;;;;;
190;beijing-2008;Egypt;EGY;2008;2;0;0;2;18;62;417017.274;1.4317633333333333;360610.041;1.24883;1206292.497;4.202483333333333;
191;beijing-2008;Estonia;EST;2008;2;1;1;0;13;39;200526.213;4.279826666666667;101392.41;2.195386666666667;271416.336;5.835286666666667;
192;beijing-2008;Ethiopia;ETH;2008;7;4;2;1;2;21;;;;;;;
193;beijing-2008;Finland;FIN;2008;4;1;1;2;14;53;3889179.618;6.604476666666667;621138.414;1.05396;3501715.2;5.95171;
194;beijing-2008;France;FRA;2008;41;6;15;20;30;249;47257439.607;7.565539999999999;8788587.924;1.4045;33877700.385;5.42603;
195;beijing-2008;Georgia;GEO;2008;7;3;2;2;9;31;33921.648;1.54428;21164.751;0.9423533333333332;57944.523;2.5925966666666667;
196;beijing-2008;Germany;GER;2008;41;16;11;14;36;266;51878320.371;6.44559;8928067.629;1.11008;32350230.249;4.021813333333333;
197;beijing-2008;Great Britain;GBR;2008;51;19;13;19;27;222;;;;;;;
198;beijing-2008;Greece;GRE;2008;3;0;2;1;22;85;4403898.501;6.03457;514414.731;0.7081766666666666;2772516.174;3.81975;
199;beijing-2008;Hungary;HUN;2008;10;3;5;2;20;127;1730577.639;5.423573333333333;504716.667;1.57781;1855996.143;5.800216666666667;
200;beijing-2008;Iceland;ISL;2008;1;0;1;0;4;15;371048.388;7.634166666666666;169295.562;3.46248;371007.063;7.635756666666667;
201;beijing-2008;India;IND;2008;3;1;0;2;12;52;;;;;;;
202;beijing-2008;Indonesia;INA;2008;6;1;1;4;6;19;;;;;;;
203;beijing-2008;Ireland;IRL;2008;3;0;1;2;14;40;3768096.585;6.059153333333334;387278.934;0.6194566666666667;2583816.741;4.151736666666666;
204;beijing-2008;Islamic Republic of Iran;IRI;2008;2;1;0;1;13;40;;;;;;;
205;beijing-2008;Israel;ISR;2008;1;0;0;1;11;40;2058425.133;4.983206666666667;525974.595;1.26673;2660144.451;6.43111;
206;beijing-2008;Italy;ITA;2008;27;8;9;10;33;223;35594677.14;6.8067633333333335;3755734.494;0.7177533333333334;23112118.11;4.416216666666667;
207;beijing-2008;Jamaica;JAM;2008;10;5;4;1;4;31;;;;;;;
208;beijing-2008;Japan;JPN;2008;25;9;8;8;35;203;73530189.852;6.031663333333333;4194056.937;0.3437866666666666;41672558.127;3.41806;
209;beijing-2008;Kazakhstan;KAZ;2008;9;2;3;4;19;99;576798.516;2.71795;194631.963;0.8935633333333334;801349.605;3.7552966666666663;
210;beijing-2008;Kenya;KEN;2008;16;6;4;6;5;41;;;;;;;
211;beijing-2008;Kyrgyzstan;KGZ;2008;3;0;1;2;9;18;;;;;;;
212;beijing-2008;Latvia;LAT;2008;3;1;1;1;12;27;245632.059;4.048406666666666;94728.036;1.5264633333333333;332459.103;5.47139;
213;beijing-2008;Lithuania;LTU;2008;5;0;3;2;15;51;390940.068;4.703563333333333;82275.552;0.97622;454306.518;5.52255;
214;beijing-2008;Malaysia;MAS;2008;1;0;1;0;10;33;722527.17;1.6574733333333334;;;2278491.546;5.210483333333333;
215;beijing-2008;Mauritius;MRI;2008;1;0;0;1;7;9;36796.041;1.9352333333333331;6967.743;0.3683566666666666;63724.194;3.3544066666666668;
216;beijing-2008;Mexico;MEX;2008;4;2;0;2;23;77;;;;;;;
217;beijing-2008;Mongolia;MGL;2008;4;2;2;0;7;30;23364.285;2.25775;5822.649;0.5559200000000001;44071.155;4.293956666666667;
218;beijing-2008;Morocco;MAR;2008;2;0;1;1;7;33;;;;;;;
219;beijing-2008;Netherlands;NED;2008;16;7;5;4;26;113;;;;;;;
220;beijing-2008;New Zealand;NZL;2008;9;3;2;4;22;88;;;;;;;
221;beijing-2008;Nigeria;NGR;2008;5;0;2;3;10;26;;;;;;;
222;beijing-2008;Norway;NOR;2008;8;3;4;1;13;49;6424713.795;7.013043333333333;1165669.5;1.26468;4573067.913;4.99511;
223;beijing-2008;Panama;PAN;2008;1;1;0;0;3;4;94747.35;2.0085266666666666;5963.85;0.1230033333333333;178932.03;3.79366;
224;beijing-2008;People's Republic of China;CHN;2008;100;48;22;30;40;332;;;;;;;
225;beijing-2008;Poland;POL;2008;11;4;5;2;26;172;4232994.744;4.50389;1096568.532;1.1645633333333334;5524776.486;5.90365;
226;beijing-2008;Portugal;POR;2008;2;1;1;0;15;62;4047049.296;7.208979999999999;635735.622;1.1346566666666666;3525447.408;6.300093333333334;
227;beijing-2008;Republic of Korea;KOR;2008;32;13;11;8;26;160;;;;;;;
228;beijing-2008;Republic of Moldova;MDA;2008;1;0;0;1;9;21;;;;;;;
229;beijing-2008;Romania;ROU;2008;9;4;1;4;16;78;1184045.553;3.4055733333333333;336306.33;0.9539166666666666;1336027.419;3.8765433333333337;
230;beijing-2008;Russian Federation;RUS;2008;60;24;13;23;35;336;6076768.256999999;3.936775;1162084.404;0.763085;5685177.864;3.671335;
231;beijing-2008;Samoa;SAM;2008;1;0;1;0;3;3;;;;;;;
232;beijing-2008;Serbia;SRB;2008;3;0;1;2;11;42;0.0;;0.0;;0.0;;
233;beijing-2008;Singapore;SGP;2008;1;0;1;0;5;26;329394.18;0.8291633333333334;14356.653;0.0329866666666666;1163283.96;2.9405266666666665;
234;beijing-2008;Slovakia;SVK;2008;6;3;3;0;15;46;1222847.379;7.776466666666667;168892.578;1.0831366666666666;727179.234;4.6338566666666665;
235;beijing-2008;Slovenia;SLO;2008;5;1;2;2;14;50;667779.81;6.231813333333333;136369.02;1.2719366666666667;668972.667;6.249140000000001;
236;beijing-2008;South Africa;RSA;2008;1;0;1;0;22;88;1725114.8220000002;3.34411;334788.615;0.646575;2954524.872;5.72729;
237;beijing-2008;Spain;ESP;2008;19;5;11;3;33;167;19181355.711;5.673543333333334;5016408.864;1.47642;13488762.054;3.988073333333333;
238;beijing-2008;Sudan;SUD;2008;1;0;1;0;2;2;;;;;;;
239;beijing-2008;Sweden;SWE;2008;5;0;4;1;23;96;7264604.4;6.394166666666667;1399073.1;1.2316566666666668;7339159.572000001;6.471443333333333;
240;beijing-2008;Switzerland;SUI;2008;6;2;1;3;24;78;;;;;;;
241;beijing-2008;Tajikistan;TJK;2008;2;0;1;1;8;15;;;;;;;
242;beijing-2008;Thailand;THA;2008;6;2;2;2;12;42;;;;;;;
243;beijing-2008;Togo;TOG;2008;1;0;0;1;3;3;;;;;;;
244;beijing-2008;Trinidad and Tobago;TTO;2008;2;1;1;0;4;10;;;;;;;
245;beijing-2008;Tunisia;TUN;2008;1;1;0;0;10;30;;;;;;;
246;beijing-2008;Turkey;TUR;2008;5;1;1;3;11;61;;;;;;;
247;beijing-2008;Ukraine;UKR;2008;22;7;4;11;26;208;1132430.802;3.713383333333333;240397.53;0.7896166666666666;1773764.874;5.824543333333333;
248;beijing-2008;United States of America;USA;2008;112;36;39;37;37;364;268549126.59;7.414693333333333;11117883.99;0.3071166666666666;222712867.74;6.15394;
249;beijing-2008;Uzbekistan;UZB;2008;4;0;1;3;14;50;;;;;;;
250;beijing-2008;Venezuela;VEN;2008;1;0;0;1;21;73;;;;;;;
251;beijing-2008;Vietnam;VIE;2008;1;0;1;0;7;16;;;;;;;
252;beijing-2008;Zimbabwe;ZIM;2008;4;1;3;0;5;13;;;;;;;
253;london-2012;Afghanistan;AFG;2012;1;0;0;1;3;4;112900.23;2.94359;15252.825;0.4080633333333333;194755.57;5.241263333333333;
254;london-2012;Algeria;ALG;2012;1;1;0;0;12;26;;;;;;;
255;london-2012;Argentina;ARG;2012;4;1;1;2;28;62;;;;;;;
256;london-2012;Armenia;ARM;2012;2;0;1;1;8;21;;;;;;;
257;london-2012;Australia;AUS;2012;35;8;15;12;35;258;22931377.52;6.958006666666667;3176172.815;0.9709366666666666;20578879.44;6.315263333333333;
258;london-2012;Azerbaijan;AZE;2012;10;2;2;6;14;50;144842.38;1.0566766666666665;57197.775;0.41777;400266.785;2.940513333333333;
259;london-2012;Bahamas;BAH;2012;1;1;0;0;2;7;;;;;;;
260;london-2012;Bahrain;BRN;2012;1;1;0;0;3;10;;;;;;;
261;london-2012;Belarus;BLR;2012;10;2;5;3;24;126;604012.465;4.197173333333333;232509.68;1.6257166666666667;798770.67;5.545136666666666;
262;london-2012;Belgium;BEL;2012;3;0;1;2;23;75;9833624.84;7.792263333333333;1650227.485;1.3076033333333337;7733338.25;6.124293333333333;
263;london-2012;Botswana;BOT;2012;1;0;1;0;2;3;;;;;;;
264;london-2012;Brazil;BRA;2012;17;3;5;9;33;141;26000061.205;4.744556666666667;1620510.125;0.2929733333333333;27534572.495;4.998726666666666;
265;london-2012;Bulgaria;BUL;2012;3;0;2;1;18;48;567511.34;4.166053333333333;94295.94;0.6919766666666667;498890.415;3.6694;
266;london-2012;Cameroon;CMR;2012;1;0;0;1;9;15;;;;;;;
267;london-2012;Canada;CAN;2012;18;2;5;11;35;202;33920218.405;8.352170000000001;3652344.6;0.8998766666666667;19522120.765;4.807616666666667;
268;london-2012;Chinese Taipei;TPE;2012;2;1;0;1;15;45;;;;;;;
269;london-2012;Colombia;COL;2012;8;1;3;4;21;73;3271126.57;4.499463333333333;396956.63;0.55027;2735409.14;3.78429;
270;london-2012;Croatia;CRO;2012;6;3;1;2;18;48;132649.215;0.8328099999999999;39955.355;0.25083;110648.835;0.6946966666666666;
271;london-2012;Cuba;CUB;2012;15;5;3;7;15;86;;;;;;;
272;london-2012;Cyprus;CYP;2012;1;0;1;0;7;10;202111.895;2.9961466666666663;79305.935;1.1761133333333331;429649.245;6.374736666666666;
273;london-2012;Czech Republic;CZE;2012;11;4;3;4;24;98;;;;;;;
274;london-2012;Democratic People's Republic of Korea;PRK;2012;6;4;0;2;11;35;;;;;;;
275;london-2012;Denmark;DEN;2012;9;2;4;3;18;83;7233117.075;8.623583333333334;1523783.1;1.8160966666666667;5839599.535;6.96207;
276;london-2012;Dominican Republic;DOM;2012;2;1;1;0;10;17;;;;;;;
277;london-2012;Egypt;EGY;2012;4;0;3;1;21;81;794682.68;1.4768933333333334;650629.4400000001;1.2157233333333333;1981693.145;3.6893833333333337;
278;london-2012;Estonia;EST;2012;2;0;1;1;11;24;296809.715;5.621156666666667;117143.6;2.2227400000000004;345897.13;6.55157;
279;london-2012;Ethiopia;ETH;2012;7;3;2;2;2;30;;;;;;;
280;london-2012;Finland;FIN;2012;3;0;2;1;13;54;4875115.245;7.382466666666667;793554.73;1.202;4287833.925;6.49512;
281;london-2012;France;FRA;2012;35;11;11;13;35;234;55521677.425;7.955873333333334;10805983.785;1.5484666666666669;39048625.83;5.59768;
282;london-2012;Gabon;GAB;2012;1;0;1;0;4;5;;;;;;;
283;london-2012;Georgia;GEO;2012;6;1;2;3;11;34;60295.43;1.8572566666666663;47714.665;1.4345533333333331;91751.55;2.8144033333333334;
284;london-2012;Germany;GER;2012;44;11;20;13;33;283;62689163.875;7.004096666666666;10225478.495;1.1431233333333333;38930190.315;4.347603333333334;
285;london-2012;Great Britain;GBR;2012;65;29;17;19;38;314;;;;;;;
286;london-2012;Greece;GRE;2012;2;0;0;2;23;64;5255007.19;6.79345;550537.265;0.7108266666666666;3295144.0;4.271120000000001;
287;london-2012;Grenada;GRN;2012;1;1;0;0;3;5;;;;;;;
288;london-2012;Guatemala;GUA;2012;1;0;1;0;11;21;;;;;;;
289;london-2012;Hong Kong, China;HKG;2012;1;0;0;1;15;36;;;;;;;
290;london-2012;Hungary;HUN;2012;18;8;4;6;23;124;1752121.575;5.0880600000000005;564260.6;1.6351066666666667;1820936.13;5.293286666666667;
291;london-2012;India;IND;2012;6;0;2;4;13;65;1599175.125;1.00506;269695.14;0.1695;7018212.425;4.41083;
292;london-2012;Indonesia;INA;2012;3;0;2;1;8;18;1623665.155;0.8785766666666667;189907.765;0.1020566666666666;5670704.96;2.9676866666666664;
293;london-2012;Ireland;IRL;2012;6;1;1;4;17;57;4610997.805;7.788393333333333;533156.04;0.9007466666666668;2906017.4;4.9056733333333336;
294;london-2012;Islamic Republic of Iran;IRI;2012;13;6;6;1;14;51;;;;;;;
295;london-2012;Italy;ITA;2012;28;8;9;11;33;210;41161173.415;7.3218;3860756.185;0.68689;24283018.11;4.321476666666666;
296;london-2012;Jamaica;JAM;2012;12;4;5;3;4;30;;;;;;;
297;london-2012;Japan;JPN;2012;38;7;14;17;35;211;106316002.755;7.225296666666667;5132130.850000001;0.3498866666666667;53911639.47;3.6741466666666662;
298;london-2012;Kazakhstan;KAZ;2012;11;3;1;7;20;94;1005740.485;2.6856466666666665;370660.775;1.00231;1459861.145;3.8563833333333335;
299;london-2012;Kenya;KEN;2012;12;2;4;6;4;38;;;;;;;
300;london-2012;Kuwait;KUW;2012;1;0;0;1;4;10;;;;;;;
301;london-2012;Latvia;LAT;2012;2;1;0;1;12;33;283841.775;4.270676666666667;113455.705;1.70562;415772.74;6.265663333333333;
302;london-2012;Lithuania;LTU;2012;5;2;0;3;16;49;538351.58;5.372583333333333;104284.375;1.04344;608076.23;6.08315;
303;london-2012;Malaysia;MAS;2012;2;0;1;1;10;29;1267534.705;1.98656;;;3899567.355;6.177183333333333;
304;london-2012;Mexico;MEX;2012;8;1;3;4;24;86;;;;;;;
305;london-2012;Mongolia;MGL;2012;5;0;2;3;7;32;49249.765;2.538003333333333;11691.665;0.59903;97123.38;5.02687;
306;london-2012;Montenegro;MNE;2012;1;0;1;0;7;8;;;;;;;
307;london-2012;Morocco;MAR;2012;1;0;0;1;12;40;;;;;;;
308;london-2012;Netherlands;NED;2012;20;6;6;8;23;118;;;;;;;
309;london-2012;New Zealand;NZL;2012;13;6;2;5;21;98;2507922.365;6.778896666666666;378636.835;1.025383333333333;2409182.115;6.496376666666667;
310;london-2012;Norway;NOR;2012;1;1;0;0;12;30;8155199.965;7.320146666666666;1779027.56;1.5984466666666668;5819963.7700000005;5.23117;
311;london-2012;People's Republic of China;CHN;2012;91;38;31;22;33;274;;;;;;;
312;london-2012;Poland;POL;2012;11;3;1;7;29;152;5995935.275;4.908423333333333;1646719.62;1.34608;6718706.85;5.488666666666667;
313;london-2012;Portugal;POR;2012;1;0;1;0;16;67;4633164.614999999;7.50486;738119.4299999999;1.19562;3991703.19;6.467876666666666;
314;london-2012;Puerto Rico;PUR;2012;2;0;1;1;8;16;;;;;;;
315;london-2012;Qatar;QAT;2012;2;0;0;2;4;11;;;;;;;
316;london-2012;Republic of Korea;KOR;2012;30;13;9;8;26;164;;;;;;;
317;london-2012;Romania;ROU;2012;9;2;5;2;15;70;1831137.065;4.015956666666666;465402.2;1.02021;1678564.785;3.667223333333333;
318;london-2012;Russian Federation;RUS;2012;67;20;19;28;35;328;17475578.485;4.378526666666667;3322272.43;0.80673;16874661.72;4.19814;
319;london-2012;Saudi Arabia;KSA;2012;1;0;0;1;5;12;;;;;;;
320;london-2012;Serbia;SRB;2012;4;1;1;2;15;67;666864.865;5.137406666666667;111574.4;0.8567933333333334;453321.49;3.492863333333333;
321;london-2012;Singapore;SGP;2012;2;0;0;2;7;25;723105.455;1.202683333333333;202572.34;0.3341599999999999;1839658.4;3.0396533333333333;
322;london-2012;Slovakia;SVK;2012;4;0;1;3;12;48;1720054.985;7.239643333333333;246314.275;1.0369;1053301.47;4.432493333333333;
323;london-2012;Slovenia;SLO;2012;4;1;1;2;16;61;885133.645;6.938736666666667;244711.09;1.9230666666666667;830004.855;6.508319999999999;
324;london-2012;South Africa;RSA;2012;6;4;1;1;21;74;4121260.445;4.011536666666666;1014678.49;1.00038;6639003.285;6.461446666666666;
325;london-2012;Spain;ESP;2012;18;4;10;4;31;156;24870316.94;6.671853333333333;5967320.025;1.6015966666666668;16927670.185;4.5412;
326;london-2012;Sweden;SWE;2012;8;1;4;3;23;92;8679297.895;6.78921;1660409.21;1.29899;8281043.4;6.483976666666667;
327;london-2012;Switzerland;SUI;2012;4;2;2;0;22;77;;;;;;;
328;london-2012;Tajikistan;TJK;2012;1;0;0;1;7;15;;;;;;;
329;london-2012;Thailand;THA;2012;4;0;2;2;14;39;;;;;;;
330;london-2012;Trinidad and Tobago;TTO;2012;4;1;1;2;6;22;;;;;;;
331;london-2012;Tunisia;TUN;2012;3;2;0;1;17;50;;;;;;;
332;london-2012;Turkey;TUR;2012;3;1;1;1;15;81;;;;;;;
333;london-2012;Uganda;UGA;2012;1;1;0;0;4;9;;;;;;;
334;london-2012;Ukraine;UKR;2012;19;5;4;10;28;200;1438974.69;4.03605;333903.885;0.9385933333333334;2504105.865;7.028326666666667;
335;london-2012;United States of America;USA;2012;104;46;28;30;38;389;336420715.45;8.712553333333334;11972554.3;0.3105666666666667;254720744.4;6.600453333333333;
336;london-2012;Uzbekistan;UZB;2012;2;0;0;2;13;49;;;;;;;
337;london-2012;Venezuela;VEN;2012;1;1;0;0;18;68;;;;;;;
338;rio-2016;Algeria;ALG;2016;2;0;2;0;12;39;;;;;;;
339;rio-2016;Argentina;ARG;2016;4;3;1;0;28;87;;;;;;;
340;rio-2016;Armenia;ARM;2016;4;1;3;0;7;25;13672.795999999998;1.42954;5619.4980000000005;0.58754;21817.77;2.28113;
341;rio-2016;Australia;AUS;2016;29;8;11;10;36;265;26400724.19;7.2359;3343604.9220000003;0.9162533333333334;21229817.498;5.80915;
342;rio-2016;Austria;AUT;2016;1;0;0;1;23;66;8585910.276;7.971536666666667;1326960.134;1.2300866666666668;5354791.72;4.964633333333333;
343;rio-2016;Azerbaijan;AZE;2016;18;1;7;10;17;54;205523.058;1.1954166666666668;87888.474;0.5058033333333333;481514.946;2.794443333333333;
344;rio-2016;Bahamas;BAH;2016;2;1;0;1;3;12;;;;;;;
345;rio-2016;Bahrain;BRN;2016;2;1;1;0;4;17;;;;;;;
346;rio-2016;Belarus;BLR;2016;9;1;4;4;22;87;768651.574;4.244906666666667;211964.716;1.1541333333333332;956978.416;5.269233333333333;
347;rio-2016;Belgium;BEL;2016;6;2;2;2;24;80;10409243.662;7.965296666666666;1653349.14;1.2639466666666668;8273636.192;6.334816666666666;
348;rio-2016;Brazil;BRA;2016;19;7;6;6;40;249;27540730.816;4.778003333333333;1773136.734;0.3020366666666667;29337504.306;5.085223333333333;
349;rio-2016;Bulgaria;BUL;2016;3;0;1;2;15;45;716035.742;5.09063;161157.464;1.1441733333333337;547549.1;3.889206666666667;
350;rio-2016;Burundi;BDI;2016;1;0;1;0;3;8;;;;;;;
351;rio-2016;Canada;CAN;2016;22;4;3;15;38;201;36382555.764;8.132716666666665;3835761.078;0.8573066666666667;20606724.45;4.601886666666666;
352;rio-2016;Chinese Taipei;TPE;2016;3;1;0;2;18;54;;;;;;;
353;rio-2016;Colombia;COL;2016;8;3;2;3;24;86;4818046.37;5.30587;655131.316;0.7268666666666667;3595728.628;3.964796666666667;
354;rio-2016;Croatia;CRO;2016;10;5;3;2;18;49;123793.56;0.8594566666666666;31649.548;0.21886;97615.332;0.6760200000000001;
355;rio-2016;Cuba;CUB;2016;11;5;2;4;20;81;;;;;;;
356;rio-2016;Czech Republic;CZE;2016;10;1;2;7;23;98;;;;;;;
357;rio-2016;Democratic People's Republic of Korea;PRK;2016;7;2;3;2;9;33;;;;;;;
358;rio-2016;Denmark;DEN;2016;15;2;6;7;19;77;7332619.72;8.532106666666666;1525374.69;1.77466;6022134.176;7.00675;
359;rio-2016;Dominican Republic;DOM;2016;1;0;0;1;10;16;;;;;;;
360;rio-2016;Egypt;EGY;2016;3;0;0;3;22;87;1306056.544;1.7090133333333333;1044845.218;1.3672133333333334;3134535.654;4.10164;
361;rio-2016;Estonia;EST;2016;1;0;0;1;13;36;346333.696;5.4091233333333335;130873.338;2.0392566666666663;370677.544;5.787846666666667;
362;rio-2016;Ethiopia;ETH;2016;8;1;2;5;3;28;;;;;;;
363;rio-2016;Fiji;FIJ;2016;1;1;0;0;9;12;;;;;;;
364;rio-2016;Finland;FIN;2016;1;0;0;1;16;47;5143342.143999999;7.647733333333333;978342.106;1.45801;4233538.426;6.30415;
365;rio-2016;France;FRA;2016;42;10;18;14;38;248;56550571.51;8.094793333333334;10659427.552;1.5219733333333334;38190179.702;5.46643;
366;rio-2016;Georgia;GEO;2016;7;2;1;4;12;39;96742.432;2.280086666666667;67911.104;1.5982666666666667;166313.766;3.90996;
367;rio-2016;Germany;GER;2016;42;17;10;15;35;272;67430294.856;7.147086666666667;9837672.01;1.0421266666666666;40666584.36;4.307266666666666;
368;rio-2016;Great Britain;GBR;2016;67;27;23;17;33;247;;;;;;;
369;rio-2016;Greece;GRE;2016;6;3;1;2;19;61;2917107.1;5.059323333333333;439930.85;0.7666666666666667;2496409.548;4.323863333333334;
370;rio-2016;Grenada;GRN;2016;1;0;1;0;2;6;;;;;;;
371;rio-2016;Hungary;HUN;2016;15;8;3;4;19;145;1719632.694;4.9822066666666665;682588.02;1.9782466666666667;1739735.538;5.035666666666667;
372;rio-2016;Independent Olympic Athletes;IOA;2016;2;1;0;1;3;9;;;;;;;
373;rio-2016;India;IND;2016;2;0;1;1;15;73;5793524.676;1.0996533333333334;969288.972;0.1841566666666666;23020956.354;4.3829666666666665;
374;rio-2016;Indonesia;INA;2016;3;1;2;0;6;23;1911612.558;0.83458;247066.562;0.1079266666666666;6925284.074;3.0219033333333334;
375;rio-2016;Ireland;IRL;2016;2;0;2;0;16;56;4305784.359999999;6.421986666666667;482144.294;0.7184166666666666;2872994.088;4.283593333333333;
376;rio-2016;Islamic Republic of Iran;IRI;2016;8;3;1;4;15;48;;;;;;;
377;rio-2016;Israel;ISR;2016;2;0;0;2;16;46;3956572.072;5.0819366666666665;1107353.544;1.422826666666667;5377895.964000001;6.908510000000001;
378;rio-2016;Italy;ITA;2016;28;8;12;8;32;218;37465732.902;7.096286666666667;3533914.15;0.6706333333333334;21353146.228;4.044036666666667;
379;rio-2016;Ivory Coast;CIV;2016;2;1;0;1;6;11;;;;;;;
380;rio-2016;Jamaica;JAM;2016;11;6;3;2;2;24;;;;;;;
381;rio-2016;Japan;JPN;2016;41;12;8;21;38;221;95464773.258;7.62601;4572461.416;0.3656466666666667;44409251.212000005;3.543533333333333;
382;rio-2016;Jordan;JOR;2016;1;1;0;0;6;8;;;;;;;
383;rio-2016;Kazakhstan;KAZ;2016;18;3;5;10;21;91;1195475.68;2.15991;402959.45;0.729;1880397.31;3.399026666666667;
384;rio-2016;Kenya;KEN;2016;13;6;6;1;7;44;;;;;;;
385;rio-2016;Kosovo;KOS;2016;1;1;0;0;4;6;;;;;;;
386;rio-2016;Lithuania;LTU;2016;4;0;1;3;15;51;534020.87;4.556563333333333;103593.708;0.88439;600910.638;5.11821;
387;rio-2016;Malaysia;MAS;2016;5;0;4;1;10;31;1625828.71;1.9637;;;4224166.576;5.095696666666667;
388;rio-2016;Mexico;MEX;2016;5;0;3;2;28;90;;;;;;;
389;rio-2016;Mongolia;MGL;2016;2;0;1;1;9;46;84262.8;2.6869566666666667;16298.29;0.5141533333333332;216565.716;6.830786666666667;
390;rio-2016;Morocco;MAR;2016;1;0;0;1;13;37;;;;;;;
391;rio-2016;Netherlands;NED;2016;19;8;7;4;29;143;;;;;;;
392;rio-2016;New Zealand;NZL;2016;18;4;9;5;25;98;3291416.596;6.7075;461501.714;0.9413;2963804.24;6.04248;
393;rio-2016;Niger;NIG;2016;1;0;1;0;3;4;;;;;;;
394;rio-2016;Nigeria;NGR;2016;1;0;0;1;10;23;;;;;;;
395;rio-2016;Norway;NOR;2016;2;0;0;2;6;17;9359712.218;7.778976666666667;1900116.594;1.5754066666666666;6216464.334000001;5.1661866666666665;
396;rio-2016;People's Republic of China;CHN;2016;70;26;18;26;35;282;;;;;;;
397;rio-2016;Philippines;PHI;2016;1;0;1;0;8;11;494136.478;0.64313;19367.716;0.037215;1945634.846;2.5484;
398;rio-2016;Poland;POL;2016;11;2;3;6;27;162;6183105.192;4.692706666666666;1544584.338;1.1703800000000002;7007917.174;5.318293333333333;
399;rio-2016;Portugal;POR;2016;1;0;0;1;18;68;3564709.546;6.319109999999999;521960.402;0.9226833333333332;2986938.068;5.291646666666667;
400;rio-2016;Puerto Rico;PUR;2016;1;1;0;0;15;22;;;;;;;
401;rio-2016;Qatar;QAT;2016;1;0;1;0;10;19;;;;;;;
402;rio-2016;Republic of Korea;KOR;2016;21;9;3;9;26;147;;;;;;;
403;rio-2016;Romania;ROU;2016;4;1;1;2;15;59;1990146.898;4.08255;505501.292;1.0342333333333331;1442212.69;2.9572866666666666;
404;rio-2016;Russian Federation;RUS;2016;56;19;17;20;35;244;14939677.996;3.00083;4236238.568;0.79602;15193669.45;2.811573333333333;
405;rio-2016;Serbia;SRB;2016;8;2;4;2;15;63;;;;;;;
406;rio-2016;Singapore;SGP;2016;1;1;0;0;7;26;1439513.58;1.7990566666666663;421297.144;0.5265666666666666;2348522.228;2.9351200000000004;
407;rio-2016;Slovakia;SVK;2016;4;2;2;0;14;44;1758747.902;7.075403333333333;231056.458;0.93189;1021107.326;4.109673333333333;
408;rio-2016;Slovenia;SLO;2016;4;1;2;1;14;43;808582.32;6.6507966666666665;200429.794;1.6459666666666666;731142.674;5.996256666666667;
409;rio-2016;South Africa;RSA;2016;10;2;6;2;17;71;4347223.718;4.486203333333333;1048268.534;1.0728966666666666;7037117.2700000005;7.271046666666667;
410;rio-2016;Spain;ESP;2016;17;7;4;6;33;166;20835374.37;6.178753333333333;3867136.63;1.14715;13906490.68;4.12397;
411;rio-2016;Sweden;SWE;2016;11;2;6;3;25;91;9909169.4;6.88102;1865936.496;1.2948466666666667;9314188.806;6.46798;
412;rio-2016;Switzerland;SUI;2016;7;3;2;2;23;83;;;;;;;
413;rio-2016;Tajikistan;TJK;2016;1;1;0;0;4;6;;;;;;;
414;rio-2016;Thailand;THA;2016;6;2;2;2;16;54;1146779.212;1.0855133333333336;245237.772;0.2323333333333333;3933445.382;3.72223;
415;rio-2016;Trinidad and Tobago;TTO;2016;1;0;0;1;7;14;;;;;;;
416;rio-2016;Tunisia;TUN;2016;3;0;0;3;18;46;;;;;;;
417;rio-2016;Turkey;TUR;2016;8;1;3;4;20;77;;;;;;;
418;rio-2016;Ukraine;UKR;2016;11;2;5;4;27;160;1388795.51;3.8732733333333336;314611.048;0.88227;2309398.248;6.41802;
419;rio-2016;United Arab Emirates;UAE;2016;1;0;0;1;6;12;;;;;;;
420;rio-2016;United States of America;USA;2016;121;46;37;38;39;375;402049688.68;8.829156666666666;12139311.94;0.26678;278144113.68;6.114643333333333;
421;rio-2016;Uzbekistan;UZB;2016;13;4;2;7;14;57;471319.216;2.27826;53694.53;0.2613033333333334;1238239.438;6.0078000000000005;
422;rio-2016;Venezuela;VEN;2016;3;0;2;1;22;78;;;;;;;
423;rio-2016;Vietnam;VIE;2016;2;1;1;0;9;22;;;;;;;
424;sydney-2000;Algeria;ALG;2000;5;1;1;3;9;36;;;;;;;
425;sydney-2000;Argentina;ARG;2000;4;0;2;2;21;82;;;;;;;
426;sydney-2000;Armenia;ARM;2000;1;0;0;1;7;20;;;;;;;
427;sydney-2000;Australia;AUS;2000;58;16;25;17;38;333;;;;;;;
428;sydney-2000;Austria;AUT;2000;3;2;1;0;19;74;;;;;;;
429;sydney-2000;Azerbaijan;AZE;2000;3;2;0;1;8;28;;;;;;;
430;sydney-2000;Bahamas;BAH;2000;3;2;0;1;3;15;;;;;;;
431;sydney-2000;Barbados;BAR;2000;1;0;0;1;5;10;;;;;;;
432;sydney-2000;Belarus;BLR;2000;17;3;3;11;20;116;;;;;;;
433;sydney-2000;Belgium;BEL;2000;5;0;2;3;17;62;;;;;;;
434;sydney-2000;Brazil;BRA;2000;12;0;6;6;27;95;;;;;;;
435;sydney-2000;Bulgaria;BUL;2000;13;5;6;2;16;76;;;;;;;
436;sydney-2000;Cameroon;CMR;2000;1;1;0;0;4;6;;;;;;;
437;sydney-2000;Canada;CAN;2000;14;3;3;8;32;204;;;;;;;
438;sydney-2000;Chile;CHI;2000;1;0;0;1;13;27;;;;;;;
439;sydney-2000;Chinese Taipei;TPE;2000;5;0;1;4;12;53;;;;;;;
440;sydney-2000;Colombia;COL;2000;1;1;0;0;15;43;;;;;;;
441;sydney-2000;Costa Rica;CRC;2000;2;0;0;2;5;10;;;;;;;
442;sydney-2000;Croatia;CRO;2000;2;1;0;1;12;46;;;;;;;
443;sydney-2000;Cuba;CUB;2000;29;11;11;7;25;139;;;;;;;
444;sydney-2000;Czech Republic;CZE;2000;8;2;3;3;22;96;;;;;;;
445;sydney-2000;Democratic People's Republic of Korea;PRK;2000;4;0;1;3;10;29;;;;;;;
446;sydney-2000;Denmark;DEN;2000;6;2;3;1;20;72;;;;;;;
447;sydney-2000;Estonia;EST;2000;3;1;0;2;10;33;;;;;;;
448;sydney-2000;Ethiopia;ETH;2000;8;4;1;3;2;23;;;;;;;
449;sydney-2000;Finland;FIN;2000;4;2;1;1;15;61;;;;;;;
450;sydney-2000;France;FRA;2000;38;13;14;11;32;236;;;;;;;
451;sydney-2000;Georgia;GEO;2000;6;0;0;6;10;33;;;;;;;
452;sydney-2000;Germany;GER;2000;56;13;17;26;34;316;;;;;;;
453;sydney-2000;Great Britain;GBR;2000;28;11;10;7;28;200;;;;;;;
454;sydney-2000;Greece;GRE;2000;13;4;6;3;22;98;;;;;;;
455;sydney-2000;Hungary;HUN;2000;17;8;6;3;21;132;;;;;;;
456;sydney-2000;Iceland;ISL;2000;1;0;0;1;4;20;;;;;;;
457;sydney-2000;India;IND;2000;1;0;0;1;12;27;;;;;;;
458;sydney-2000;Indonesia;INA;2000;6;1;3;2;11;36;;;;;;;
459;sydney-2000;Ireland;IRL;2000;1;0;1;0;12;34;;;;;;;
460;sydney-2000;Islamic Republic of Iran;IRI;2000;4;3;0;1;10;32;;;;;;;
461;sydney-2000;Israel;ISR;2000;1;0;0;1;8;34;;;;;;;
462;sydney-2000;Italy;ITA;2000;34;13;8;13;34;204;;;;;;;
463;sydney-2000;Jamaica;JAM;2000;9;0;6;3;4;20;;;;;;;
464;sydney-2000;Japan;JPN;2000;18;5;8;5;31;182;;;;;;;
465;sydney-2000;Kazakhstan;KAZ;2000;7;3;4;0;18;93;;;;;;;
466;sydney-2000;Kenya;KEN;2000;7;2;3;2;6;34;;;;;;;
467;sydney-2000;Kuwait;KUW;2000;1;0;0;1;5;10;;;;;;;
468;sydney-2000;Kyrgyzstan;KGZ;2000;1;0;0;1;9;51;;;;;;;
469;sydney-2000;Latvia;LAT;2000;3;1;1;1;14;41;;;;;;;
470;sydney-2000;Lithuania;LTU;2000;5;2;0;3;14;39;;;;;;;
471;sydney-2000;Mexico;MEX;2000;6;1;2;3;20;75;;;;;;;
472;sydney-2000;Morocco;MAR;2000;5;0;1;4;8;25;;;;;;;
473;sydney-2000;Mozambique;MOZ;2000;1;1;0;0;2;4;;;;;;;
474;sydney-2000;Netherlands;NED;2000;25;12;9;4;24;125;;;;;;;
475;sydney-2000;New Zealand;NZL;2000;4;1;0;3;21;85;;;;;;;
476;sydney-2000;Nigeria;NGR;2000;3;1;2;0;7;28;;;;;;;
477;sydney-2000;Norway;NOR;2000;9;4;3;2;13;44;;;;;;;
478;sydney-2000;People's Republic of China;CHN;2000;58;28;16;14;28;215;;;;;;;
479;sydney-2000;Poland;POL;2000;14;6;5;3;21;129;;;;;;;
480;sydney-2000;Portugal;POR;2000;2;0;0;2;13;48;;;;;;;
481;sydney-2000;Qatar;QAT;2000;1;0;0;1;5;8;;;;;;;
482;sydney-2000;Republic of Korea;KOR;2000;28;8;10;10;26;151;;;;;;;
483;sydney-2000;Republic of Moldova;MDA;2000;2;0;1;1;7;26;;;;;;;
484;sydney-2000;Romania;ROU;2000;26;11;6;9;16;113;;;;;;;
485;sydney-2000;Russian Federation;RUS;2000;89;32;28;29;32;307;;;;;;;
486;sydney-2000;Saudi Arabia;KSA;2000;2;0;1;1;5;8;;;;;;;
487;sydney-2000;Serbia and Montenegro;SCG;2000;3;1;1;1;13;39;;;;;;;
488;sydney-2000;Slovakia;SVK;2000;5;1;3;1;17;56;;;;;;;
489;sydney-2000;Slovenia;SLO;2000;2;2;0;0;13;42;;;;;;;
490;sydney-2000;South Africa;RSA;2000;5;0;2;3;19;78;;;;;;;
491;sydney-2000;Spain;ESP;2000;11;3;3;5;32;174;;;;;;;
492;sydney-2000;Sri Lanka;SRI;2000;1;0;1;0;4;9;;;;;;;
493;sydney-2000;Sweden;SWE;2000;12;4;5;3;24;114;;;;;;;
494;sydney-2000;Switzerland;SUI;2000;9;1;6;2;20;93;;;;;;;
495;sydney-2000;Thailand;THA;2000;3;1;0;2;9;50;;;;;;;
496;sydney-2000;The Former Yugoslav Republic of Macedonia;MKD;2000;1;0;0;1;4;13;;;;;;;
497;sydney-2000;Trinidad and Tobago;TTO;2000;2;0;1;1;3;12;;;;;;;
498;sydney-2000;Turkey;TUR;2000;5;3;0;2;10;58;;;;;;;
499;sydney-2000;Ukraine;UKR;2000;23;3;10;10;25;206;;;;;;;
500;sydney-2000;United States of America;USA;2000;93;37;24;32;35;361;;;;;;;
501;sydney-2000;Uruguay;URU;2000;1;0;1;0;8;13;;;;;;;
502;sydney-2000;Uzbekistan;UZB;2000;4;1;1;2;10;47;;;;;;;
503;sydney-2000;Vietnam;VIE;2000;1;0;1;0;3;5;;;;;;;
504;tokyo-2020;Argentina;ARG;2020;3;0;1;2;28;65;;;;;;;
505;tokyo-2020;Armenia;ARM;2020;4;0;2;2;6;14;50970.392;1.4727833333333331;21843.744;0.6324;84068.864;2.426093333333333;
506;tokyo-2020;Australia;AUS;2020;45;17;7;21;40;257;29742099.664;7.623493333333333;3775406.944;0.96754;23565967.992;6.041383333333333;
507;tokyo-2020;Austria;AUT;2020;7;1;1;5;23;67;9990319.836;8.244863333333333;1417924.24;1.1708066666666666;5822282.192;4.806586666666666;
508;tokyo-2020;Azerbaijan;AZE;2020;7;0;3;4;10;33;127849.548;1.0209133333333331;50004.852;0.3979233333333333;332704.568;2.6534733333333334;
509;tokyo-2020;Bahamas;BAH;2020;2;2;0;0;1;4;;;;;;;
510;tokyo-2020;Bahrain;BRN;2020;1;0;1;0;4;12;;;;;;;
511;tokyo-2020;Belarus;BLR;2020;7;1;3;3;19;76;780922.036;4.748356666666667;215911.672;1.312903333333333;883098.064;5.358786666666667;
512;tokyo-2020;Belgium;BEL;2020;7;3;1;3;25;80;11063683.928;7.60176;1845116.672;1.26721;9009092.456;6.191153333333333;
513;tokyo-2020;Bermuda;BER;2020;1;1;0;0;2;2;;;;;;;
514;tokyo-2020;Botswana;BOT;2020;1;0;0;1;2;5;;;;;;;
515;tokyo-2020;Brazil;BRA;2020;20;6;6;8;32;140;27764746.516;5.147006666666667;1123854.244;0.20833;28125455.24;5.2116;
516;tokyo-2020;Bulgaria;BUL;2020;6;3;1;2;12;29;859685.3520000001;4.808816666666667;147047.004;0.8308633333333334;648530.448;3.61891;
517;tokyo-2020;Burkina Faso;BUR;2020;1;0;0;1;4;5;;;;;;;
518;tokyo-2020;Canada;CAN;2020;24;7;6;11;40;205;38341947.6;8.152083333333334;4049513.4;0.8610099999999999;22354938.228;4.75222;
519;tokyo-2020;Chinese Taipei;TPE;2020;12;2;4;6;16;61;;;;;;;
520;tokyo-2020;Colombia;COL;2020;5;0;4;1;18;57;4993511.784;5.59867;665731.78;0.7463566666666667;3785134.564;4.242360000000001;
521;tokyo-2020;Croatia;CRO;2020;8;3;3;2;16;43;149575.716;0.89667;30553.016;0.1834166666666666;107768.524;0.6469633333333333;
522;tokyo-2020;Cuba;CUB;2020;15;7;3;5;13;60;;;;;;;
523;tokyo-2020;Czech Republic;CZE;2020;11;4;4;3;24;79;;;;;;;
524;tokyo-2020;Côte d'Ivoire;CIV;2020;1;0;0;1;5;9;;;;;;;
525;tokyo-2020;Denmark;DEN;2020;11;3;4;4;19;64;7936983.888;8.331963333333334;1561624.56;1.6401233333333334;6083737.912;6.38694;
526;tokyo-2020;Dominican Republic;DOM;2020;5;0;3;2;10;24;;;;;;;
527;tokyo-2020;Ecuador;ECU;2020;3;2;1;0;16;41;;;;;;;
528;tokyo-2020;Egypt;EGY;2020;6;1;1;4;23;91;;;;;;;
529;tokyo-2020;Estonia;EST;2020;2;1;0;1;14;28;445619.02;5.455066666666667;166570.968;2.046963333333333;490445.744;6.00096;
530;tokyo-2020;Ethiopia;ETH;2020;4;1;1;2;3;25;;;;;;;
531;tokyo-2020;Fiji;FIJ;2020;2;1;0;1;4;5;;;;;;;
532;tokyo-2020;Finland;FIN;2020;2;0;0;2;11;28;5205872.44;7.07335;1096213.212;1.48899;4122239.124;5.60301;
533;tokyo-2020;France;FRA;2020;33;10;12;11;40;237;59959261.568;8.011836666666667;10561199.064;1.41102;39718340.004;5.30751;
534;tokyo-2020;Georgia;GEO;2020;8;2;5;1;8;28;130892.448;2.77378;61912.136;1.31005;208702.0;4.427793333333334;
535;tokyo-2020;Germany;GER;2020;37;10;11;16;36;249;76493870.948;7.19546;10996500.468;1.034436666666667;45430234.34;4.272586666666667;
536;tokyo-2020;Ghana;GHA;2020;1;0;0;1;4;6;;;;;;;
537;tokyo-2020;Great Britain;GBR;2020;65;22;21;22;35;234;;;;;;;
538;tokyo-2020;Greece;GRE;2020;4;2;1;1;20;41;3179631.228;5.599336666666666;530874.868;0.9343933333333332;2267735.692;3.9920266666666655;
539;tokyo-2020;Grenada;GRN;2020;1;0;0;1;1;2;;;;;;;
540;tokyo-2020;Hong Kong, China;HKG;2020;6;1;2;3;14;37;;;;;;;
541;tokyo-2020;Hungary;HUN;2020;20;6;7;7;24;108;1987000.176;4.621196666666667;1354483.34;3.1561866666666667;2113600.64;4.919379999999999;
542;tokyo-2020;India;IND;2020;7;1;2;4;16;74;9604267.32;1.266403333333333;1217112.896;0.1607733333333333;33660129.608;4.440103333333333;
543;tokyo-2020;Indonesia;INA;2020;5;1;1;3;5;21;4162231.248;1.4223566666666667;497819.36;0.1705;8061863.4;2.75543;
544;tokyo-2020;Ireland;IRL;2020;4;2;0;2;20;60;5015974.136;4.86767;560755.456;0.5437466666666667;3320295.364;3.2218166666666668;
545;tokyo-2020;Islamic Republic of Iran;IRI;2020;7;3;2;2;15;44;;;;;;;
546;tokyo-2020;Israel;ISR;2020;4;2;0;2;19;49;5555233.7;5.357703333333333;1658053.808;1.600593333333333;7329755.736;7.07018;
547;tokyo-2020;Italy;ITA;2020;40;10;10;20;38;226;38011190.12;6.812293333333334;4305814.4520000005;0.7714333333333333;21739432.008;3.8953933333333337;
548;tokyo-2020;Jamaica;JAM;2020;9;4;1;4;4;28;;;;;;;
549;tokyo-2020;Japan;JPN;2020;57;27;13;17;46;297;105514896.232;7.598303333333333;5466786.648;0.39344;45830982.292;3.3005466666666665;
550;tokyo-2020;Jordan;JOR;2020;2;0;1;1;6;11;;;;;;;
551;tokyo-2020;Kazakhstan;KAZ;2020;8;0;0;8;23;82;1040709.244;2.1535466666666667;339820.216;0.7016433333333333;1659686.716;3.41346;
552;tokyo-2020;Kenya;KEN;2020;10;4;4;2;6;34;;;;;;;
553;tokyo-2020;Kosovo;KOS;2020;2;2;0;0;4;8;;;;;;;
554;tokyo-2020;Kuwait;KUW;2020;1;0;0;1;3;6;;;;;;;
555;tokyo-2020;Kyrgyzstan;KGZ;2020;3;0;2;1;6;14;71679.5;3.143966666666667;20094.732;0.8864233333333333;152446.76;6.684256666666666;
556;tokyo-2020;Latvia;LAT;2020;2;1;0;1;14;24;359130.096;3.916886666666666;145359.448;1.5952933333333332;527106.456;5.772076666666666;
557;tokyo-2020;Lithuania;LTU;2020;1;0;1;0;12;29;692350.6;4.805716666666666;160274.948;1.1130133333333334;655538.8239999999;4.559;
558;tokyo-2020;Malaysia;MAS;2020;2;0;1;1;7;23;1848784.896;1.923703333333333;;;4150634.004;4.328506666666666;
559;tokyo-2020;Mexico;MEX;2020;4;0;0;4;29;97;;;;;;;
560;tokyo-2020;Mongolia;MGL;2020;4;0;1;3;9;45;87669.744;2.461446666666667;10780.652;0.2999333333333333;110226.856;3.0554433333333333;
561;tokyo-2020;Morocco;MAR;2020;1;1;0;0;16;34;;;;;;;
562;tokyo-2020;Netherlands;NED;2020;36;10;12;14;31;145;;;;;;;
563;tokyo-2020;New Zealand;NZL;2020;20;7;6;7;25;93;3644218.716;6.26602;523909.364;0.9008066666666666;3185125.928;5.47844;
564;tokyo-2020;Nigeria;NGR;2020;2;0;1;1;8;20;;;;;;;
565;tokyo-2020;North Macedonia;MKD;2020;1;0;1;0;5;5;;;;;;;
566;tokyo-2020;Norway;NOR;2020;8;4;2;2;16;54;9615677.436;8.432929999999999;2016005.108;1.76839;6302502.688;5.526823333333333;
567;tokyo-2020;People's Republic of China;CHN;2020;88;38;32;18;41;272;;;;;;;
568;tokyo-2020;Philippines;PHI;2020;4;1;2;1;10;16;904029.168;0.93614;51008.204;0.0515866666666666;3522133.152;3.65268;
569;tokyo-2020;Poland;POL;2020;14;4;5;5;27;142;7546107.168;4.794163333333333;2056590.724;1.3038166666666666;7825866.656;4.97364;
570;tokyo-2020;Portugal;POR;2020;4;1;1;2;19;59;4145139.304;6.39887;555007.664;0.85684;2909055.18;4.496183333333334;
571;tokyo-2020;Puerto Rico;PUR;2020;1;1;0;0;14;20;;;;;;;
572;tokyo-2020;Qatar;QAT;2020;3;2;0;1;6;7;;;;;;;
573;tokyo-2020;ROC;ROC;2020;70;20;28;22;38;273;;;;;;;
574;tokyo-2020;Republic of Korea;KOR;2020;20;6;4;10;31;142;;;;;;;
575;tokyo-2020;Republic of Moldova;MDA;2020;1;0;0;1;7;17;;;;;;;
576;tokyo-2020;Romania;ROU;2020;4;1;3;0;17;44;3025998.588;4.651353333333333;658332.496;1.0153433333333333;2094041.532;3.2100066666666667;
577;tokyo-2020;San Marino;SMR;2020;3;0;1;2;3;5;9383.632;6.3107;1428.208;0.96049;5852.948;3.93625;
578;tokyo-2020;Saudi Arabia;KSA;2020;1;0;1;0;7;9;;;;;;;
579;tokyo-2020;Serbia;SRB;2020;9;3;1;5;15;51;;;;;;;
580;tokyo-2020;Slovakia;SVK;2020;4;1;2;1;12;33;1579964.944;5.581393333333334;286441.356;1.0061933333333333;1136926.8;4.014403333333333;
581;tokyo-2020;Slovenia;SLO;2020;5;3;1;1;15;36;950534.708;6.576063333333334;201567.308;1.3942466666666666;782356.04;5.41384;
582;tokyo-2020;South Africa;RSA;2020;3;1;2;0;22;58;5084642.016;4.71066;965106.772;0.8944766666666667;8413838.196;7.787366666666667;
583;tokyo-2020;Spain;ESP;2020;17;3;8;6;36;159;22863396.284;6.017456666666666;4285184.924;1.1275033333333333;15172291.412;3.994043333333333;
584;tokyo-2020;Sweden;SWE;2020;9;3;6;0;22;75;10405574.348;6.936936666666667;1896540.348;1.2645799999999998;10252423.42;6.83516;
585;tokyo-2020;Switzerland;SUI;2020;13;3;4;6;25;87;;;;;;;
586;tokyo-2020;Syrian Arab Republic;SYR;2020;1;0;0;1;4;4;;;;;;;
587;tokyo-2020;Thailand;THA;2020;2;1;0;1;14;38;1725927.636;1.24169;567232.164;0.40717;4317821.556;3.1255566666666668;
588;tokyo-2020;Tunisia;TUN;2020;2;1;1;0;16;48;;;;;;;
589;tokyo-2020;Turkey;TUR;2020;13;2;2;9;17;78;;;;;;;
590;tokyo-2020;Turkmenistan;TKM;2020;1;0;1;0;2;5;;;;;;;
591;tokyo-2020;Uganda;UGA;2020;4;2;1;1;3;18;;;;;;;
592;tokyo-2020;Ukraine;UKR;2020;19;1;6;12;26;126;1208773.648;3.32023;294571.488;0.8080466666666667;2175703.492;5.956783333333333;
593;tokyo-2020;United States of America;USA;2020;113;39;41;33;43;409;532315068.2;9.37481;15553732.52;0.2739866666666667;336939943.48;5.93797;
594;tokyo-2020;Uzbekistan;UZB;2020;5;3;0;2;13;54;363574.524;2.26272;68163.996;0.42423;913429.176;5.671833333333333;
595;tokyo-2020;Venezuela;VEN;2020;4;1;3;0;15;27;;;;;;;
